<?xml version="1.0" encoding="UTF-8" ?>
<document>
<!--The data in this file is primarily intended for consumption by Xilinx tools.
The structure and the elements are likely to change over the next few releases.
This means code written to parse this file will need to be revisited each subsequent release.-->
<application name="pa" timeStamp="Wed May 27 23:28:26 2015">
<section name="Project Information" visible="false">
<property name="ProjectID" value="11bd6b4ea98c412c964abb7ff1a77b45" type="ProjectID"/>
<property name="ProjectIteration" value="1" type="ProjectIteration"/>
</section>
<section name="PlanAhead Usage" visible="true">
<item name="Project Data">
<property name="SrcSetCount" value="1" type="SrcSetCount"/>
<property name="ConstraintSetCount" value="1" type="ConstraintSetCount"/>
<property name="DesignMode" value="GateLvl" type="DesignMode"/>
<property name="ImplStrategy" value="ISE Defaults" type="ImplStrategy"/>
</item>
<item name="Other">
<property name="GuiMode" value="0" type="GuiMode"/>
<property name="BatchMode" value="0" type="BatchMode"/>
<property name="TclMode" value="0" type="TclMode"/>
<property name="ISEMode" value="82" type="ISEMode"/>
</item>
</section>
</application>
</document>
